{
  "name": "ENSEMBLE_LATTICE",
  "S_star": 0.8626925664157946,
  "beings_alive": 49,
  "beings_fallen": 0,
  "epochs": 7,
  "total_trauma": 9.09,
  "total_healing": 502.8499999999977,
  "cells": {
    "0-0": {
      "P": 0.8647717134988693,
      "Q": 1.0,
      "wisdom": 0.08681362661715454
    },
    "0-1": {
      "P": 0.8747872155180179,
      "Q": 1.0,
      "wisdom": 0.08681362661715454
    },
    "0-2": {
      "P": 0.8888051890377193,
      "Q": 1.0,
      "wisdom": 0.08681362661715454
    },
    "0-3": {
      "P": 0.8869580503929028,
      "Q": 1.0,
      "wisdom": 0.08681362661715454
    },
    "0-4": {
      "P": 0.8834918082339448,
      "Q": 1.0,
      "wisdom": 0.08681362661715454
    },
    "0-5": {
      "P": 0.8785713170853969,
      "Q": 1.0,
      "wisdom": 0.08681362661715454
    },
    "0-6": {
      "P": 0.8759476287556918,
      "Q": 1.0,
      "wisdom": 0.08681362661715454
    },
    "0-7": {
      "P": 0.8759056553585939,
      "Q": 1.0,
      "wisdom": 0.08681362661715454
    },
    "0-8": {
      "P": 0.8665893814968559,
      "Q": 1.0,
      "wisdom": 0.08681362661715454
    },
    "0-9": {
      "P": 0.8581797695809295,
      "Q": 1.0,
      "wisdom": 0.08681362661715454
    },
    "1-0": {
      "P": 0.8654707592672336,
      "Q": 1.0,
      "wisdom": 0.10639125237169296
    },
    "1-1": {
      "P": 0.8716359365274422,
      "Q": 1.0,
      "wisdom": 0.10639125237169296
    },
    "1-2": {
      "P": 0.8777627028813211,
      "Q": 1.0,
      "wisdom": 0.10639125237169296
    },
    "1-3": {
      "P": 0.8845796515085093,
      "Q": 1.0,
      "wisdom": 0.10639125237169296
    },
    "1-4": {
      "P": 0.8757825491330447,
      "Q": 1.0,
      "wisdom": 0.10639125237169296
    },
    "1-5": {
      "P": 0.8684081957417682,
      "Q": 1.0,
      "wisdom": 0.10639125237169296
    },
    "1-6": {
      "P": 0.8653586241764912,
      "Q": 1.0,
      "wisdom": 0.10639125237169296
    },
    "1-7": {
      "P": 0.8647956768635441,
      "Q": 1.0,
      "wisdom": 0.10639125237169296
    },
    "1-8": {
      "P": 0.8593473850839495,
      "Q": 1.0,
      "wisdom": 0.10639125237169296
    },
    "1-9": {
      "P": 0.8599499655283898,
      "Q": 1.0,
      "wisdom": 0.10639125237169296
    },
    "2-0": {
      "P": 0.857131070237578,
      "Q": 1.0,
      "wisdom": 0.08995079680710859
    },
    "2-1": {
      "P": 0.8599913448675403,
      "Q": 1.0,
      "wisdom": 0.08995079680710859
    },
    "2-2": {
      "P": 0.862746159210083,
      "Q": 1.0,
      "wisdom": 0.08995079680710859
    },
    "2-3": {
      "P": 0.8724153490759009,
      "Q": 1.0,
      "wisdom": 0.08995079680710859
    },
    "2-4": {
      "P": 0.867789561841011,
      "Q": 1.0,
      "wisdom": 0.08995079680710859
    },
    "2-5": {
      "P": 0.8643221294841124,
      "Q": 1.0,
      "wisdom": 0.08995079680710859
    },
    "2-6": {
      "P": 0.8599253960296369,
      "Q": 1.0,
      "wisdom": 0.08995079680710859
    },
    "2-7": {
      "P": 0.8589279674853998,
      "Q": 1.0,
      "wisdom": 0.08995079680710859
    },
    "2-8": {
      "P": 0.8522752713062786,
      "Q": 1.0,
      "wisdom": 0.08995079680710859
    },
    "2-9": {
      "P": 0.8499842297597946,
      "Q": 1.0,
      "wisdom": 0.08995079680710859
    },
    "3-0": {
      "P": 0.8329072841576327,
      "Q": 1.0,
      "wisdom": 0.06989774064921621
    },
    "3-1": {
      "P": 0.8359880465120725,
      "Q": 1.0,
      "wisdom": 0.06989774064921621
    },
    "3-2": {
      "P": 0.847002957695161,
      "Q": 1.0,
      "wisdom": 0.06989774064921621
    },
    "3-3": {
      "P": 0.8604199606582371,
      "Q": 1.0,
      "wisdom": 0.06989774064921621
    },
    "3-4": {
      "P": 0.863768080432524,
      "Q": 1.0,
      "wisdom": 0.06989774064921621
    },
    "3-5": {
      "P": 0.854882369892223,
      "Q": 1.0,
      "wisdom": 0.06989774064921621
    },
    "3-6": {
      "P": 0.8477458189743059,
      "Q": 1.0,
      "wisdom": 0.06989774064921621
    },
    "3-7": {
      "P": 0.8460350271063773,
      "Q": 1.0,
      "wisdom": 0.06989774064921621
    },
    "3-8": {
      "P": 0.8387376117000843,
      "Q": 1.0,
      "wisdom": 0.06989774064921621
    },
    "3-9": {
      "P": 0.8343638964977542,
      "Q": 1.0,
      "wisdom": 0.06989774064921621
    },
    "4-0": {
      "P": 0.8173506976385845,
      "Q": 1.0,
      "wisdom": 0.07086388835526373
    },
    "4-1": {
      "P": 0.8224615631950875,
      "Q": 1.0,
      "wisdom": 0.07086388835526373
    },
    "4-2": {
      "P": 0.8369525746253857,
      "Q": 1.0,
      "wisdom": 0.07086388835526373
    },
    "4-3": {
      "P": 0.8539845352650385,
      "Q": 1.0,
      "wisdom": 0.07086388835526373
    },
    "4-4": {
      "P": 0.859159556988158,
      "Q": 1.0,
      "wisdom": 0.07086388835526373
    },
    "4-5": {
      "P": 0.8559038306095225,
      "Q": 1.0,
      "wisdom": 0.07086388835526373
    },
    "4-6": {
      "P": 0.8395383162557143,
      "Q": 1.0,
      "wisdom": 0.07086388835526373
    },
    "4-7": {
      "P": 0.8342890670302864,
      "Q": 1.0,
      "wisdom": 0.07086388835526373
    },
    "4-8": {
      "P": 0.8247526347377764,
      "Q": 1.0,
      "wisdom": 0.07086388835526373
    },
    "4-9": {
      "P": 0.8190823656222888,
      "Q": 1.0,
      "wisdom": 0.07086388835526373
    },
    "5-0": {
      "P": 0.8312585538713801,
      "Q": 1.0,
      "wisdom": 0.12249421025190214
    },
    "5-1": {
      "P": 0.8407309444835984,
      "Q": 1.0,
      "wisdom": 0.12249421025190214
    },
    "5-2": {
      "P": 0.8593007748703373,
      "Q": 1.0,
      "wisdom": 0.12249421025190214
    },
    "5-3": {
      "P": 0.8705896037567175,
      "Q": 1.0,
      "wisdom": 0.12249421025190214
    },
    "5-4": {
      "P": 0.8769066999626501,
      "Q": 1.0,
      "wisdom": 0.12249421025190214
    },
    "5-5": {
      "P": 0.878957450863294,
      "Q": 1.0,
      "wisdom": 0.12249421025190214
    },
    "5-6": {
      "P": 0.8647202306896483,
      "Q": 1.0,
      "wisdom": 0.12249421025190214
    },
    "5-7": {
      "P": 0.8471875377797324,
      "Q": 1.0,
      "wisdom": 0.12249421025190214
    },
    "5-8": {
      "P": 0.8382499557960059,
      "Q": 1.0,
      "wisdom": 0.12249421025190214
    },
    "5-9": {
      "P": 0.829279122682069,
      "Q": 1.0,
      "wisdom": 0.12249421025190214
    },
    "6-0": {
      "P": 0.858755370944527,
      "Q": 1.0,
      "wisdom": 0.0457125
    },
    "6-1": {
      "P": 0.8741017649391399,
      "Q": 1.0,
      "wisdom": 0.0457125
    },
    "6-2": {
      "P": 0.8927526022935507,
      "Q": 1.0,
      "wisdom": 0.0457125
    },
    "6-3": {
      "P": 0.9086842561856058,
      "Q": 1.0,
      "wisdom": 0.0457125
    },
    "6-4": {
      "P": 0.9094881201902245,
      "Q": 1.0,
      "wisdom": 0.0457125
    },
    "6-5": {
      "P": 0.908971693495305,
      "Q": 1.0,
      "wisdom": 0.0457125
    },
    "6-6": {
      "P": 0.9010487938519458,
      "Q": 1.0,
      "wisdom": 0.0457125
    },
    "6-7": {
      "P": 0.8778567171868151,
      "Q": 1.0,
      "wisdom": 0.0457125
    },
    "6-8": {
      "P": 0.858114615189194,
      "Q": 1.0,
      "wisdom": 0.0457125
    },
    "6-9": {
      "P": 0.8537334136399811,
      "Q": 1.0,
      "wisdom": 0.0457125
    },
    "7-0": {
      "P": 0.8448350577549472,
      "Q": 1.0,
      "wisdom": 0.0457125
    },
    "7-1": {
      "P": 0.8555365912037349,
      "Q": 1.0,
      "wisdom": 0.0457125
    },
    "7-2": {
      "P": 0.8780647844977741,
      "Q": 1.0,
      "wisdom": 0.0457125
    },
    "7-3": {
      "P": 0.8852764539749752,
      "Q": 1.0,
      "wisdom": 0.0457125
    },
    "7-4": {
      "P": 0.8837409473727759,
      "Q": 1.0,
      "wisdom": 0.0457125
    },
    "7-5": {
      "P": 0.8803076597291773,
      "Q": 1.0,
      "wisdom": 0.0457125
    },
    "7-6": {
      "P": 0.8750730433794494,
      "Q": 1.0,
      "wisdom": 0.0457125
    },
    "7-7": {
      "P": 0.8563455943237324,