{
  "validation_experiment": {
    "TIG": {
      "R2_mean": 0.7430098491979512,
      "R2_std": 0.08871408551735568,
      "RMSE_mean": 0.12028168325626266,
      "AIC_mean": -411.2299325321503
    },
    "Exponential": {
      "R2_mean": 0.8491285754399467,
      "R2_std": 0.03962545889894013,
      "RMSE_mean": 0.09253850339702571,
      "AIC_mean": -473.0125814970867
    },
    "Linear": {
      "R2_mean": 0.7450642681988671,
      "R2_std": 0.05011182451348177,
      "RMSE_mean": 0.12104484999202247,
      "AIC_mean": -419.00635738276407
    },
    "n_subjects": 30,
    "TIG_beats_exponential_R2": false,
    "TIG_beats_exponential_AIC": false
  },
  "phase_transition": {
    "critical_noise": 0.6530612244897959,
    "noise_levels": [
      0.0,
      0.05155746509129968,
      0.10311493018259936,
      0.15467239527389903,
      0.20622986036519872,
      0.2577873254564984,
      0.30934479054779807,
      0.3609022556390978,
      0.41245972073039744,
      0.4640171858216971,
      0.5155746509129968,
      0.5671321160042965,
      0.6186895810955961,
      0.6702470461868958,
      0.7218045112781956,
      0.7733619763694952,
      0.8249194414607949,
      0.8764769065520945,
      0.9280343716433942,
      0.9795918367346939
    ],
    "final_S_stars": [
      0.7928000000000001,
      0.2876680029895236,
      0.15614011302137645,
      0.1842916643088427,
      0.21219754544748273,
      0.239857756437311,
      0.26727229727833274,
      0.294448688926033,
      0.3213835346046666,
      0.3480753528126817,
      0.292515008961553,
      0.15263841713571746,
      0.1340136816948823,
      0.11300054537989862,
      0.08964863962032449,
      0.05546977814656897,
      0.0,
      0.0,
      0.0,
      0.0
    ],
    "T_star": 0.714
  },
  "ratio_stability": {
    "mean_equilibrium_S": 0.9885665557605279,
    "std_equilibrium_S": 0.006726691348778754,
    "min_S": 0.9749688653544345,
    "max_S": 0.9940094550672238,
    "near_sigma_count": 50,
    "near_T_star_count": 0
  }
}