{
  "Exponential": {
    "R2_mean": 0.9733391704440383,
    "R2_std": 0.006891564380713044,
    "RMSE_mean": 0.035641962122748075,
    "AIC_mean": -327.92467459018275
  },
  "Exp_Plus_Bump": {
    "R2_mean": 0.9832972232928388,
    "R2_std": 0.003840933975816704,
    "RMSE_mean": 0.028253872215964496,
    "AIC_mean": -345.0431996127972
  },
  "TIG_3Channel": {
    "R2_mean": 0.9735371044013272,
    "R2_std": 0.006891001520237569,
    "RMSE_mean": 0.03564336087501542,
    "AIC_mean": -326.2537264443471,
    "avg_P_peak": 1.0,
    "avg_P_peak_time": 5.266666666666667
  },
  "n_subjects": 30,
  "TIG_beats_Exp": true,
  "TIG_beats_ExpBump": false
}